web-scraper-order,web-scraper-start-url,movie_links,movie_links-href,rating,director_0-1,director_0-2,director_0-3,writers_0-1,writers_0-2,writers_0-3,stars_0-1,stars_0-2,stars_0-3,stars_1-1,stars_1-2,stars_1-3,writers_1-1,writers_1-2,writers_1-3,director_1-1,director_1-2,director_1-3
"1762884594-1","https://www.imdb.com/chart/top/?ref_=hm_nv_menu","Lost Ladies","https://www.imdb.com/title/tt21626284/?ref_=chttp_t_250","8.3","Kiran Rao","","","Biplab Goswami","Sneha Desai","Divy Nidhi Sharma","Nitanshi Goel","Pratibha Ranta","Sparsh Shrivastava","","","","","","","","",""
"1762884596-2","https://www.imdb.com/chart/top/?ref_=hm_nv_menu","Drishyam","https://www.imdb.com/title/tt4430212/?ref_=chttp_t_249","8.2","Nishikant Kamat","","","Jeethu Joseph","Upendra Sidhaye","","Ajay Devgn","Shriya Saran","Tabu","","","","","","","","",""
"1762884600-3","https://www.imdb.com/chart/top/?ref_=hm_nv_menu","Gangs of Wasseypur","https://www.imdb.com/title/tt1954470/?ref_=chttp_t_248","8.2","Anurag Kashyap","","","Akhilesh Jaiswal","Anurag Kashyap","Sachin K. Ladia","Manoj Bajpayee","Nawazuddin Siddiqui","Tigmanshu Dhulia","","","","","","","","",""
"1762884604-4","https://www.imdb.com/chart/top/?ref_=hm_nv_menu","To Be or Not to Be","https://www.imdb.com/title/tt0035446/?ref_=chttp_t_247","8.1","","","","","","","","","","Carole Lombard","Jack Benny","Robert Stack","Melchior Lengyel","Edwin Justus Mayer","Ernst Lubitsch","Ernst Lubitsch","",""
"1762884608-5","https://www.imdb.com/chart/top/?ref_=hm_nv_menu","Demon Slayer: Kimetsu no Yaiba - The Movie: Mugen Train","https://www.imdb.com/title/tt11032374/?ref_=chttp_t_246","8.2","Haruo Sotozaki","","","Koyoharu Gotouge","","","Natsuki Hanae","Akari Kitô","Hiro Shimono","","","","","","","","",""
"1762884612-6","https://www.imdb.com/chart/top/?ref_=hm_nv_menu","The Grapes of Wrath","https://www.imdb.com/title/tt0032551/?ref_=chttp_t_245","8.1","John Ford","","","Nunnally Johnson","John Steinbeck","","Henry Fonda","Jane Darwell","John Carradine","","","","","","","","",""
"1762884618-7","https://www.imdb.com/chart/top/?ref_=hm_nv_menu","Network","https://www.imdb.com/title/tt0074958/?ref_=chttp_t_244","8.1","Sidney Lumet","","","Paddy Chayefsky","","","Faye Dunaway","William Holden","Peter Finch","","","","","","","","",""
"1762884621-8","https://www.imdb.com/chart/top/?ref_=hm_nv_menu","The Battle of Algiers","https://www.imdb.com/title/tt0058946/?ref_=chttp_t_243","8.1","Gillo Pontecorvo","","","Franco Solinas","Gillo Pontecorvo","","Brahim Hadjadj","Jean Martin","Yacef Saadi","","","","","","","","",""
"1762884626-9","https://www.imdb.com/chart/top/?ref_=hm_nv_menu","The Handmaiden","https://www.imdb.com/title/tt4016934/?ref_=chttp_t_242","8.1","Park Chan-wook","","","Chung Seo-kyung","Sarah Waters","Park Chan-wook","Kim Tae-ri","Lee Yong-nyeo","Yoo Min-chae","","","","","","","","",""
"1762884630-10","https://www.imdb.com/chart/top/?ref_=hm_nv_menu","My Father and My Son","https://www.imdb.com/title/tt0476735/?ref_=chttp_t_241","8.2","","","","","","","","","","Çetin Tekindor","Fikret Kuskan","Hümeyra","Çagan Irmak","","","Çagan Irmak","",""
"1762884634-11","https://www.imdb.com/chart/top/?ref_=hm_nv_menu","The Passion of Joan of Arc","https://www.imdb.com/title/tt0019254/?ref_=chttp_t_240","8.1","Carl Theodor Dreyer","","","Joseph Delteil","Carl Theodor Dreyer","","Maria Falconetti","Eugene Silvain","André Berley","","","","","","","","",""
"1762884638-12","https://www.imdb.com/chart/top/?ref_=hm_nv_menu","The Iron Giant","https://www.imdb.com/title/tt0129167/?ref_=chttp_t_239","8.1","Brad Bird","","","Tim McCanlies","Brad Bird","Ted Hughes","Jennifer Aniston","Harry Connick Jr.","Vin Diesel","","","","","","","","",""
"1762884640-13","https://www.imdb.com/chart/top/?ref_=hm_nv_menu","Stand by Me","https://www.imdb.com/title/tt0092005/?ref_=chttp_t_238","8.1","Rob Reiner","","","Stephen King","Raynold Gideon","Bruce A. Evans","Wil Wheaton","River Phoenix","Corey Feldman","","","","","","","","",""
"1762884643-14","https://www.imdb.com/chart/top/?ref_=hm_nv_menu","The Wizard of Oz","https://www.imdb.com/title/tt0032138/?ref_=chttp_t_237","8.1","Victor Fleming","George Cukor","Norman Taurog","Noel Langley","Florence Ryerson","Edgar Allan Woolf","Judy Garland","Frank Morgan","Ray Bolger","","","","","","","","",""
"1762884646-15","https://www.imdb.com/chart/top/?ref_=hm_nv_menu","Rush","https://www.imdb.com/title/tt1979320/?ref_=chttp_t_236","8.1","Ron Howard","","","Peter Morgan","","","Chris Hemsworth","Daniel Brühl","Olivia Wilde","","","","","","","","",""
"1762884648-16","https://www.imdb.com/chart/top/?ref_=hm_nv_menu","Hachi: A Dog's Tale","https://www.imdb.com/title/tt1028532/?ref_=chttp_t_235","8.1","Lasse Hallström","","","Stephen P. Lindsey","Kaneto Shindô","","Richard Gere","Joan Allen","Cary-Hiroyuki Tagawa","","","","","","","","",""
"1762884651-17","https://www.imdb.com/chart/top/?ref_=hm_nv_menu","The Exorcist","https://www.imdb.com/title/tt0070047/?ref_=chttp_t_234","8.1","William Friedkin","","","William Peter Blatty","","","Ellen Burstyn","Max von Sydow","Lee J. Cobb","","","","","","","","",""
"1762884654-18","https://www.imdb.com/chart/top/?ref_=hm_nv_menu","The Incredibles","https://www.imdb.com/title/tt0317705/?ref_=chttp_t_233","8.0","Brad Bird","","","Brad Bird","","","Craig T. Nelson","Holly Hunter","Samuel L. Jackson","","","","","","","","",""
"1762884656-19","https://www.imdb.com/chart/top/?ref_=hm_nv_menu","A Silent Voice: The Movie","https://www.imdb.com/title/tt5323662/?ref_=chttp_t_232","8.2","Naoko Yamada","","","Yoshitoki Ôima","Reiko Yoshida","","Miyu Irino","Saori Hayami","Aoi Yûki","","","","","","","","",""
"1762884659-20","https://www.imdb.com/chart/top/?ref_=hm_nv_menu","Before Sunset","https://www.imdb.com/title/tt0381681/?ref_=chttp_t_231","8.1","Richard Linklater","","","Richard Linklater","Julie Delpy","Ethan Hawke","Ethan Hawke","Julie Delpy","Vernon Dobtcheff","","","","","","","","",""
"1762884662-21","https://www.imdb.com/chart/top/?ref_=hm_nv_menu","Platoon","https://www.imdb.com/title/tt0091763/?ref_=chttp_t_230","8.1","Oliver Stone","","","Oliver Stone","","","Keith David","Forest Whitaker","Francesco Quinn","","","","","","","","",""
"1762884664-22","https://www.imdb.com/chart/top/?ref_=hm_nv_menu","The Best Years of Our Lives","https://www.imdb.com/title/tt0036868/?ref_=chttp_t_229","8.1","William Wyler","","","Robert E. Sherwood","MacKinlay Kantor","","Myrna Loy","Fredric March","Dana Andrews","","","","","","","","",""
"1762884667-23","https://www.imdb.com/chart/top/?ref_=hm_nv_menu","Hotel Rwanda","https://www.imdb.com/title/tt0395169/?ref_=chttp_t_228","8.1","Terry George","","","Keir Pearson","Terry George","","Xolani Mali","Don Cheadle","Desmond Dube","","","","","","","","",""
"1762884670-24","https://www.imdb.com/chart/top/?ref_=hm_nv_menu","The Sound of Music","https://www.imdb.com/title/tt0059742/?ref_=chttp_t_227","8.1","Robert Wise","","","Georg Hurdalek","Howard Lindsay","Russel Crouse","Julie Andrews","Christopher Plummer","Eleanor Parker","","","","","","","","",""
"1762884673-25","https://www.imdb.com/chart/top/?ref_=hm_nv_menu","Room","https://www.imdb.com/title/tt3170832/?ref_=chttp_t_226","8.1","Lenny Abrahamson","","","Emma Donoghue","","","Brie Larson","Jacob Tremblay","Sean Bridgers","","","","","","","","",""
"1762884675-26","https://www.imdb.com/chart/top/?ref_=hm_nv_menu","The Seventh Seal","https://www.imdb.com/title/tt0050976/?ref_=chttp_t_225","8.1","","","","","","","","","","Gunnar Björnstrand","Bengt Ekerot","Nils Poppe","Ingmar Bergman","","","Ingmar Bergman","",""
"1762884678-27","https://www.imdb.com/chart/top/?ref_=hm_nv_menu","Jai Bhim","https://www.imdb.com/title/tt15097216/?ref_=chttp_t_224","8.6","T.J. Gnanavel","","","T.J. Gnanavel","Rajendra Sapre","","Suriya","Lijo Mol Jose","Manikandan K.","","","","","","","","",""
"1762884681-28","https://www.imdb.com/chart/top/?ref_=hm_nv_menu","The Big Lebowski","https://www.imdb.com/title/tt0118715/?ref_=chttp_t_223","8.1","Joel Coen","Ethan Coen","","Ethan Coen","Joel Coen","","Jeff Bridges","John Goodman","Julianne Moore","","","","","","","","",""
"1762884684-29","https://www.imdb.com/chart/top/?ref_=hm_nv_menu","La haine","https://www.imdb.com/title/tt0113247/?ref_=chttp_t_222","8.1","Mathieu Kassovitz","","","Mathieu Kassovitz","","","Vincent Cassel","Hubert Koundé","Saïd Taghmaoui","","","","","","","","",""
"1762884686-30","https://www.imdb.com/chart/top/?ref_=hm_nv_menu","Maharaja","https://www.imdb.com/title/tt26548265/?ref_=chttp_t_221","8.3","Nithilan Saminathan","","","Nithilan Saminathan","","","Vijay Sethupathi","Anurag Kashyap","Mamta Mohandas","","","","","","","","",""
"1762884689-31","https://www.imdb.com/chart/top/?ref_=hm_nv_menu","The Terminator","https://www.imdb.com/title/tt0088247/?ref_=chttp_t_220","8.1","James Cameron","","","James Cameron","Gale Anne Hurd","William Wisher","Arnold Schwarzenegger","Michael Biehn","Linda Hamilton","","","","","","","","",""
"1762884692-32","https://www.imdb.com/chart/top/?ref_=hm_nv_menu","Spotlight","https://www.imdb.com/title/tt1895587/?ref_=chttp_t_219","8.1","Tom McCarthy","","","Josh Singer","Tom McCarthy","","Mark Ruffalo","Michael Keaton","Rachel McAdams","","","","","","","","",""
"1762884695-33","https://www.imdb.com/chart/top/?ref_=hm_nv_menu","The Third Man","https://www.imdb.com/title/tt0041959/?ref_=chttp_t_218","8.1","Carol Reed","","","Graham Greene","Alexander Korda","Carol Reed","Joseph Cotten","Alida Valli","Orson Welles","","","","","","","","",""
"1762884697-34","https://www.imdb.com/chart/top/?ref_=hm_nv_menu","Pirates of the Caribbean: The Curse of the Black Pearl","https://www.imdb.com/title/tt0325980/?ref_=chttp_t_217","8.1","Gore Verbinski","","","Ted Elliott","Terry Rossio","Stuart Beattie","Johnny Depp","Geoffrey Rush","Orlando Bloom","","","","","","","","",""
"1762884700-35","https://www.imdb.com/chart/top/?ref_=hm_nv_menu","Tokyo Story","https://www.imdb.com/title/tt0046438/?ref_=chttp_t_216","8.1","Yasujirô Ozu","","","Kôgo Noda","Yasujirô Ozu","","Chishû Ryû","Chieko Higashiyama","Setsuko Hara","","","","","","","","",""
"1762884703-36","https://www.imdb.com/chart/top/?ref_=hm_nv_menu","Wild Strawberries","https://www.imdb.com/title/tt0050986/?ref_=chttp_t_215","8.1","","","","","","","","","","Victor Sjöström","Bibi Andersson","Ingrid Thulin","Ingmar Bergman","","","Ingmar Bergman","",""
"1762884706-37","https://www.imdb.com/chart/top/?ref_=hm_nv_menu","On the Waterfront","https://www.imdb.com/title/tt0047296/?ref_=chttp_t_214","8.1","Elia Kazan","","","Budd Schulberg","Malcolm Johnson","Robert Siodmak","Marlon Brando","Karl Malden","Lee J. Cobb","","","","","","","","",""
"1762884709-38","https://www.imdb.com/chart/top/?ref_=hm_nv_menu","Rocky","https://www.imdb.com/title/tt0075148/?ref_=chttp_t_213","8.1","John G. Avildsen","","","Sylvester Stallone","","","Sylvester Stallone","Talia Shire","Burt Young","","","","","","","","",""
"1762884712-39","https://www.imdb.com/chart/top/?ref_=hm_nv_menu","Mr. Smith Goes to Washington","https://www.imdb.com/title/tt0031679/?ref_=chttp_t_212","8.1","Frank Capra","","","Sidney Buchman","Lewis R. Foster","Myles Connolly","Jean Arthur","James Stewart","Claude Rains","","","","","","","","",""
"1762884715-40","https://www.imdb.com/chart/top/?ref_=hm_nv_menu","Logan","https://www.imdb.com/title/tt3315342/?ref_=chttp_t_211","8.1","James Mangold","","","James Mangold","Scott Frank","Michael Green","Hugh Jackman","Patrick Stewart","Dafne Keen","","","","","","","","",""
"1762884718-41","https://www.imdb.com/chart/top/?ref_=hm_nv_menu","The General","https://www.imdb.com/title/tt0017925/?ref_=chttp_t_210","8.1","Clyde Bruckman","Buster Keaton","","Buster Keaton","Clyde Bruckman","Al Boasberg","Buster Keaton","Marion Mack","Glen Cavender","","","","","","","","",""
"1762884721-42","https://www.imdb.com/chart/top/?ref_=hm_nv_menu","The Wages of Fear","https://www.imdb.com/title/tt0046268/?ref_=chttp_t_209","8.1","Henri-Georges Clouzot","","","Georges Arnaud","Henri-Georges Clouzot","Jérôme Géronimi","Yves Montand","Charles Vanel","Folco Lulli","","","","","","","","",""
"1762884724-43","https://www.imdb.com/chart/top/?ref_=hm_nv_menu","The Deer Hunter","https://www.imdb.com/title/tt0077416/?ref_=chttp_t_208","8.1","Michael Cimino","","","Michael Cimino","Deric Washburn","Louis Garfinkle","Robert De Niro","John Cazale","John Savage","","","","","","","","",""
"1762884727-44","https://www.imdb.com/chart/top/?ref_=hm_nv_menu","Mary and Max","https://www.imdb.com/title/tt0978762/?ref_=chttp_t_207","8.1","Adam Elliot","","","Adam Elliot","","","Christopher Massey","Oliver Marks","Daisy Kocher","","","","","","","","",""
"1762884730-45","https://www.imdb.com/chart/top/?ref_=hm_nv_menu","Sherlock Jr.","https://www.imdb.com/title/tt0015324/?ref_=chttp_t_206","8.1","Buster Keaton","","","Jean C. Havez","Joseph A. Mitchell","Clyde Bruckman","Buster Keaton","Kathryn McGuire","Joe Keaton","","","","","","","","",""
"1762884732-46","https://www.imdb.com/chart/top/?ref_=hm_nv_menu","The Gold Rush","https://www.imdb.com/title/tt0015864/?ref_=chttp_t_205","8.1","Charles Chaplin","","","Charles Chaplin","","","Charles Chaplin","Mack Swain","Tom Murray","","","","","","","","",""
"1762884736-47","https://www.imdb.com/chart/top/?ref_=hm_nv_menu","Wild Tales","https://www.imdb.com/title/tt3011894/?ref_=chttp_t_204","8.1","Damián Szifron","","","Julian Loyola","Germán Servidio","Damián Szifron","Darío Grandinetti","María Marull","Mónica Villa","","","","","","","","",""
"1762884739-48","https://www.imdb.com/chart/top/?ref_=hm_nv_menu","Ford v Ferrari","https://www.imdb.com/title/tt1950186/?ref_=chttp_t_203","8.1","James Mangold","","","Jez Butterworth","John-Henry Butterworth","Jason Keller","Matt Damon","Christian Bale","Jon Bernthal","","","","","","","","",""
"1762884741-49","https://www.imdb.com/chart/top/?ref_=hm_nv_menu","In the Name of the Father","https://www.imdb.com/title/tt0107207/?ref_=chttp_t_202","8.1","","","","","","","","","","Alison Crosbie","Philip King","Emma Thompson","Gerry Conlon","Terry George","Jim Sheridan","Jim Sheridan","",""
"1762884744-50","https://www.imdb.com/chart/top/?ref_=hm_nv_menu","Jaws","https://www.imdb.com/title/tt0073195/?ref_=chttp_t_201","8.1","Steven Spielberg","","","Peter Benchley","Carl Gottlieb","","Roy Scheider","Robert Shaw","Richard Dreyfuss","","","","","","","","",""
"1762884747-51","https://www.imdb.com/chart/top/?ref_=hm_nv_menu","Monsters, Inc.","https://www.imdb.com/title/tt0198781/?ref_=chttp_t_200","8.1","Pete Docter","David Silverman","Lee Unkrich","Pete Docter","Jill Culton","Jeff Pidgeon","John Goodman","Billy Crystal","Mary Gibbs","","","","","","","","",""
"1762884749-52","https://www.imdb.com/chart/top/?ref_=hm_nv_menu","Gone Girl","https://www.imdb.com/title/tt2267998/?ref_=chttp_t_199","8.1","David Fincher","","","Gillian Flynn","","","Ben Affleck","Rosamund Pike","Neil Patrick Harris","","","","","","","","",""
"1762884752-53","https://www.imdb.com/chart/top/?ref_=hm_nv_menu","How to Train Your Dragon","https://www.imdb.com/title/tt0892769/?ref_=chttp_t_198","8.1","Dean DeBlois","Chris Sanders","","William Davies","Dean DeBlois","Chris Sanders","Jay Baruchel","Gerard Butler","Craig Ferguson","","","","","","","","",""
"1762884755-54","https://www.imdb.com/chart/top/?ref_=hm_nv_menu","Ratatouille","https://www.imdb.com/title/tt0382932/?ref_=chttp_t_197","8.1","Brad Bird","Jan Pinkava","","Brad Bird","Jan Pinkava","Jim Capobianco","Patton Oswalt","Ian Holm","Lou Romano","","","","","","","","",""
"1762884758-55","https://www.imdb.com/chart/top/?ref_=hm_nv_menu","Memories of Murder","https://www.imdb.com/title/tt0353969/?ref_=chttp_t_196","8.1","Bong Joon Ho","","","Bong Joon Ho","Kwang-rim Kim","Sung-bo Shim","Song Kang-ho","Kim Sang-kyung","Kim Roe-ha","","","","","","","","",""
"1762884760-56","https://www.imdb.com/chart/top/?ref_=hm_nv_menu","Spider-Man: No Way Home","https://www.imdb.com/title/tt10872600/?ref_=chttp_t_195","8.2","Jon Watts","","","Chris McKenna","Erik Sommers","Stan Lee","Tom Holland","Zendaya","Benedict Cumberbatch","","","","","","","","",""
"1762884763-57","https://www.imdb.com/chart/top/?ref_=hm_nv_menu","Blade Runner","https://www.imdb.com/title/tt0083658/?ref_=chttp_t_194","8.1","Ridley Scott","","","Hampton Fancher","David Webb Peoples","Philip K. Dick","Harrison Ford","Rutger Hauer","Sean Young","","","","","","","","",""
"1762884768-58","https://www.imdb.com/chart/top/?ref_=hm_nv_menu","Before Sunrise","https://www.imdb.com/title/tt0112471/?ref_=chttp_t_193","8.1","Richard Linklater","","","Richard Linklater","Kim Krizan","","Ethan Hawke","Julie Delpy","Andrea Eckert","","","","","","","","",""
"1762884772-59","https://www.imdb.com/chart/top/?ref_=hm_nv_menu","12 Years a Slave","https://www.imdb.com/title/tt2024544/?ref_=chttp_t_192","8.1","Steve McQueen","","","John Ridley","Solomon Northup","","Chiwetel Ejiofor","Dwight Henry","Dickie Gravois","","","","","","","","",""
"1762884774-60","https://www.imdb.com/chart/top/?ref_=hm_nv_menu","The Grand Budapest Hotel","https://www.imdb.com/title/tt2278388/?ref_=chttp_t_191","8.1","Wes Anderson","","","Stefan Zweig","Wes Anderson","Hugo Guinness","Ralph Fiennes","F. Murray Abraham","Mathieu Amalric","","","","","","","","",""
"1762884777-61","https://www.imdb.com/chart/top/?ref_=hm_nv_menu","Children of Heaven","https://www.imdb.com/title/tt0118849/?ref_=chttp_t_190","8.2","Majid Majidi","","","Majid Majidi","","","Reza Naji","Amir Farrokh Hashemian","Bahare Seddiqi","","","","","","","","",""
"1762884780-62","https://www.imdb.com/chart/top/?ref_=hm_nv_menu","Hacksaw Ridge","https://www.imdb.com/title/tt2119532/?ref_=chttp_t_189","8.1","Mel Gibson","","","Robert Schenkkan","Andrew Knight","","Andrew Garfield","Richard Pyros","Jacob Warner","","","","","","","","",""
"1762884783-63","https://www.imdb.com/chart/top/?ref_=hm_nv_menu","My Neighbor Totoro","https://www.imdb.com/title/tt0096283/?ref_=chttp_t_188","8.1","Hayao Miyazaki","","","Hayao Miyazaki","","","Noriko Hidaka","Chika Sakamoto","Shigesato Itoi","","","","","","","","",""
"1762884786-64","https://www.imdb.com/chart/top/?ref_=hm_nv_menu","Gran Torino","https://www.imdb.com/title/tt1205489/?ref_=chttp_t_187","8.1","Clint Eastwood","","","Nick Schenk","Dave Johannson","","Clint Eastwood","Christopher Carley","Bee Vang","","","","","","","","",""
"1762884788-65","https://www.imdb.com/chart/top/?ref_=hm_nv_menu","Barry Lyndon","https://www.imdb.com/title/tt0072684/?ref_=chttp_t_186","8.1","Stanley Kubrick","","","Stanley Kubrick","William Makepeace Thackeray","","Ryan O'Neal","Marisa Berenson","Patrick Magee","","","","","","","","",""
"1762884792-66","https://www.imdb.com/chart/top/?ref_=hm_nv_menu","Mad Max: Fury Road","https://www.imdb.com/title/tt1392190/?ref_=chttp_t_185","8.1","George Miller","","","George Miller","Brendan McCarthy","Nick Lathouris","Tom Hardy","Charlize Theron","Nicholas Hoult","","","","","","","","",""
"1762884795-67","https://www.imdb.com/chart/top/?ref_=hm_nv_menu","Ben-Hur","https://www.imdb.com/title/tt0052618/?ref_=chttp_t_184","8.1","William Wyler","","","Lew Wallace","Karl Tunberg","Maxwell Anderson","Charlton Heston","Jack Hawkins","Haya Harareet","","","","","","","","",""
"1762884797-68","https://www.imdb.com/chart/top/?ref_=hm_nv_menu","Million Dollar Baby","https://www.imdb.com/title/tt0405159/?ref_=chttp_t_183","8.1","Clint Eastwood","","","Paul Haggis","F.X. Toole","","Clint Eastwood","Hilary Swank","Morgan Freeman","","","","","","","","",""
"1762884800-69","https://www.imdb.com/chart/top/?ref_=hm_nv_menu","Dead Poets Society","https://www.imdb.com/title/tt0097165/?ref_=chttp_t_182","8.1","Peter Weir","","","Tom Schulman","","","Robin Williams","Robert Sean Leonard","Ethan Hawke","","","","","","","","",""
"1762884803-70","https://www.imdb.com/chart/top/?ref_=hm_nv_menu","The Wild Robot","https://www.imdb.com/title/tt29623480/?ref_=chttp_t_181","8.2","Chris Sanders","","","Chris Sanders","Peter Brown","","Lupita Nyong'o","Pedro Pascal","Kit Connor","","","","","","","","",""
"1762884806-71","https://www.imdb.com/chart/top/?ref_=hm_nv_menu","Warrior","https://www.imdb.com/title/tt1291584/?ref_=chttp_t_180","8.1","Gavin O'Connor","","","Gavin O'Connor","Anthony Tambakis","Cliff Dorfman","Joel Edgerton","Tom Hardy","Nick Nolte","","","","","","","","",""
"1762884809-72","https://www.imdb.com/chart/top/?ref_=hm_nv_menu","Fargo","https://www.imdb.com/title/tt0116282/?ref_=chttp_t_179","8.1","Joel Coen","Ethan Coen","","Ethan Coen","Joel Coen","","William H. Macy","Steve Buscemi","Peter Stormare","","","","","","","","",""
"1762884812-73","https://www.imdb.com/chart/top/?ref_=hm_nv_menu","Raging Bull","https://www.imdb.com/title/tt0081398/?ref_=chttp_t_178","8.1","Martin Scorsese","","","Jake LaMotta","Joseph Carter","Peter Savage","Robert De Niro","Cathy Moriarty","Joe Pesci","","","","","","","","",""
"1762884815-74","https://www.imdb.com/chart/top/?ref_=hm_nv_menu","Harry Potter and the Deathly Hallows: Part 2","https://www.imdb.com/title/tt1201607/?ref_=chttp_t_177","8.1","David Yates","","","Steve Kloves","J.K. Rowling","","Ralph Fiennes","Michael Gambon","Alan Rickman","","","","","","","","",""
"1762884818-75","https://www.imdb.com/chart/top/?ref_=hm_nv_menu","The Bridge on the River Kwai","https://www.imdb.com/title/tt0050212/?ref_=chttp_t_176","8.1","David Lean","","","Pierre Boulle","Carl Foreman","Michael Wilson","William Holden","Alec Guinness","Jack Hawkins","","","","","","","","",""
"1762884821-76","https://www.imdb.com/chart/top/?ref_=hm_nv_menu","Trainspotting","https://www.imdb.com/title/tt0117951/?ref_=chttp_t_175","8.1","Danny Boyle","","","Irvine Welsh","John Hodge","","Ewan McGregor","Ewen Bremner","Jonny Lee Miller","","","","","","","","",""
"1762884824-77","https://www.imdb.com/chart/top/?ref_=hm_nv_menu","Three Billboards Outside Ebbing, Missouri","https://www.imdb.com/title/tt5027774/?ref_=chttp_t_174","8.1","Martin McDonagh","","","Martin McDonagh","","","Frances McDormand","Caleb Landry Jones","Kerry Condon","","","","","","","","",""
"1762884827-78","https://www.imdb.com/chart/top/?ref_=hm_nv_menu","Catch Me If You Can","https://www.imdb.com/title/tt0264464/?ref_=chttp_t_173","8.1","Steven Spielberg","","","Frank Abagnale Jr.","Stan Redding","Jeff Nathanson","Leonardo DiCaprio","Tom Hanks","Christopher Walken","","","","","","","","",""
"1762884829-79","https://www.imdb.com/chart/top/?ref_=hm_nv_menu","Inside Out","https://www.imdb.com/title/tt2096673/?ref_=chttp_t_172","8.1","Ronnie Del Carmen","Pete Docter","","Pete Docter","Ronnie Del Carmen","Meg LeFauve","Amy Poehler","Phyllis Smith","Richard Kind","","","","","","","","",""
"1762884832-80","https://www.imdb.com/chart/top/?ref_=hm_nv_menu","Rashomon","https://www.imdb.com/title/tt0042876/?ref_=chttp_t_171","8.1","Akira Kurosawa","","","Ryûnosuke Akutagawa","Akira Kurosawa","Shinobu Hashimoto","Toshirô Mifune","Machiko Kyô","Masayuki Mori","","","","","","","","",""
"1762884835-81","https://www.imdb.com/chart/top/?ref_=hm_nv_menu","Demon Slayer: Kimetsu no Yaiba- The Movie - Infinity Castle","https://www.imdb.com/title/tt32820897/?ref_=chttp_t_170","8.5","Hikaru Kondô","Haruo Sotozaki","","Koyoharu Gotouge","Hikaru Kondô","Lucien Dodge","Zach Aguilar","Saeko Akiho","Yôhei Azakami","","","","","","","","",""
"1762884838-82","https://www.imdb.com/chart/top/?ref_=hm_nv_menu","V for Vendetta","https://www.imdb.com/title/tt0434409/?ref_=chttp_t_169","8.1","James McTeigue","","","Lilly Wachowski","Lana Wachowski","David Lloyd","Natalie Portman","Hugo Weaving","Stephen Rea","","","","","","","","",""
"1762884840-83","https://www.imdb.com/chart/top/?ref_=hm_nv_menu","Lock, Stock and Two Smoking Barrels","https://www.imdb.com/title/tt0120735/?ref_=chttp_t_168","8.1","Guy Ritchie","","","Guy Ritchie","","","Jason Flemyng","Dexter Fletcher","Nick Moran","","","","","","","","",""
"1762884843-84","https://www.imdb.com/chart/top/?ref_=hm_nv_menu","Chinatown","https://www.imdb.com/title/tt0071315/?ref_=chttp_t_167","8.1","Roman Polanski","","","Robert Towne","Roman Polanski","","Jack Nicholson","Faye Dunaway","John Huston","","","","","","","","",""
"1762884846-85","https://www.imdb.com/chart/top/?ref_=hm_nv_menu","The Secret in Their Eyes","https://www.imdb.com/title/tt1305806/?ref_=chttp_t_166","8.2","Juan José Campanella","","","Eduardo Sacheri","Juan José Campanella","","Soledad Villamil","Ricardo Darín","Carla Quevedo","","","","","","","","",""
"1762884849-86","https://www.imdb.com/chart/top/?ref_=hm_nv_menu","Gone with the Wind","https://www.imdb.com/title/tt0031381/?ref_=chttp_t_165","8.2","Victor Fleming","","","Margaret Mitchell","Sidney Howard","Oliver H.P. Garrett","Thomas Mitchell","Barbara O'Neil","Vivien Leigh","","","","","","","","",""
"1762884851-87","https://www.imdb.com/chart/top/?ref_=hm_nv_menu","Dial M for Murder","https://www.imdb.com/title/tt0046912/?ref_=chttp_t_164","8.2","Alfred Hitchcock","","","Frederick Knott","","","Ray Milland","Grace Kelly","Robert Cummings","","","","","","","","",""
"1762884854-88","https://www.imdb.com/chart/top/?ref_=hm_nv_menu","Klaus","https://www.imdb.com/title/tt4729430/?ref_=chttp_t_163","8.2","Carlos Martínez López","Sergio Pablos","","Sergio Pablos","Jim Mahoney","Zach Lewis","Jason Schwartzman","J.K. Simmons","Rashida Jones","","","","","","","","",""
"1762884857-89","https://www.imdb.com/chart/top/?ref_=hm_nv_menu","The Best of Youth","https://www.imdb.com/title/tt0346336/?ref_=chttp_t_162","8.4","","","","","","","","","","Luigi Lo Cascio","Alessio Boni","Adriana Asti","Sandro Petraglia","Stefano Rulli","","Marco Tullio Giordana","",""
"1762884860-90","https://www.imdb.com/chart/top/?ref_=hm_nv_menu","The Elephant Man","https://www.imdb.com/title/tt0080678/?ref_=chttp_t_161","8.2","David Lynch","","","Christopher De Vore","Eric Bergren","David Lynch","Anthony Hopkins","John Hurt","Anne Bancroft","","","","","","","","",""
"1762884864-91","https://www.imdb.com/chart/top/?ref_=hm_nv_menu","Monty Python and the Holy Grail","https://www.imdb.com/title/tt0071853/?ref_=chttp_t_160","8.2","Terry Gilliam","Terry Jones","","Graham Chapman","John Cleese","Eric Idle","Graham Chapman","John Cleese","Eric Idle","","","","","","","","",""
"1762884867-92","https://www.imdb.com/chart/top/?ref_=hm_nv_menu","The Great Escape","https://www.imdb.com/title/tt0057115/?ref_=chttp_t_159","8.2","John Sturges","","","Paul Brickhill","James Clavell","W.R. Burnett","Steve McQueen","James Garner","Richard Attenborough","","","","","","","","",""
"1762884870-93","https://www.imdb.com/chart/top/?ref_=hm_nv_menu","Yojimbo","https://www.imdb.com/title/tt0055630/?ref_=chttp_t_158","8.2","Akira Kurosawa","","","Akira Kurosawa","Ryûzô Kikushima","","Toshirô Mifune","Tatsuya Nakadai","Yôko Tsukasa","","","","","","","","",""
"1762884872-94","https://www.imdb.com/chart/top/?ref_=hm_nv_menu","Finding Nemo","https://www.imdb.com/title/tt0266543/?ref_=chttp_t_157","8.2","Andrew Stanton","Lee Unkrich","","Andrew Stanton","Bob Peterson","David Reynolds","Albert Brooks","Ellen DeGeneres","Alexander Gould","","","","","","","","",""
"1762884876-95","https://www.imdb.com/chart/top/?ref_=hm_nv_menu","Howl's Moving Castle","https://www.imdb.com/title/tt0347149/?ref_=chttp_t_156","8.2","Hayao Miyazaki","","","Hayao Miyazaki","Diana Wynne Jones","","Chieko Baishô","Takuya Kimura","Akihiro Miwa","","","","","","","","",""
"1762884878-96","https://www.imdb.com/chart/top/?ref_=hm_nv_menu","The Treasure of the Sierra Madre","https://www.imdb.com/title/tt0040897/?ref_=chttp_t_155","8.2","John Huston","","","John Huston","B. Traven","","Humphrey Bogart","Walter Huston","Tim Holt","","","","","","","","",""
"1762884881-97","https://www.imdb.com/chart/top/?ref_=hm_nv_menu","A Beautiful Mind","https://www.imdb.com/title/tt0268978/?ref_=chttp_t_154","8.2","Ron Howard","","","Akiva Goldsman","Sylvia Nasar","","Russell Crowe","Ed Harris","Jennifer Connelly","","","","","","","","",""
"1762884884-98","https://www.imdb.com/chart/top/?ref_=hm_nv_menu","Prisoners","https://www.imdb.com/title/tt1392214/?ref_=chttp_t_153","8.2","Denis Villeneuve","","","Aaron Guzikowski","","","Hugh Jackman","Jake Gyllenhaal","Viola Davis","","","","","","","","",""
"1762884887-99","https://www.imdb.com/chart/top/?ref_=hm_nv_menu","Kill Bill: Vol. 1","https://www.imdb.com/title/tt0266697/?ref_=chttp_t_152","8.2","Quentin Tarantino","","","Quentin Tarantino","Uma Thurman","","Uma Thurman","Lucy Liu","Vivica A. Fox","","","","","","","","",""
"1762884891-100","https://www.imdb.com/chart/top/?ref_=hm_nv_menu","Pan's Labyrinth","https://www.imdb.com/title/tt0457430/?ref_=chttp_t_151","8.2","Guillermo del Toro","","","Guillermo del Toro","","","Ivana Baquero","Sergi López","Maribel Verdú","","","","","","","","",""
"1762884893-101","https://www.imdb.com/chart/top/?ref_=hm_nv_menu","Unforgiven","https://www.imdb.com/title/tt0105695/?ref_=chttp_t_150","8.2","Clint Eastwood","","","David Webb Peoples","","","Clint Eastwood","Gene Hackman","Morgan Freeman","","","","","","","","",""
"1762884898-102","https://www.imdb.com/chart/top/?ref_=hm_nv_menu","One Battle After Another","https://www.imdb.com/title/tt30144839/?ref_=chttp_t_149","8.2","Paul Thomas Anderson","","","Paul Thomas Anderson","Thomas Pynchon","","Teyana Taylor","Leonardo DiCaprio","Regina Hall","","","","","","","","",""
"1762884901-103","https://www.imdb.com/chart/top/?ref_=hm_nv_menu","Top Gun: Maverick","https://www.imdb.com/title/tt1745960/?ref_=chttp_t_148","8.2","Joseph Kosinski","","","Jim Cash","Jack Epps Jr.","Peter Craig","Tom Cruise","Val Kilmer","Miles Teller","","","","","","","","",""
"1762884904-104","https://www.imdb.com/chart/top/?ref_=hm_nv_menu","The Thing","https://www.imdb.com/title/tt0084787/?ref_=chttp_t_147","8.2","John Carpenter","","","Bill Lancaster","John W. Campbell Jr.","","Kurt Russell","Wilford Brimley","T.K. Carter","","","","","","","","",""
"1762884907-105","https://www.imdb.com/chart/top/?ref_=hm_nv_menu","No Country for Old Men","https://www.imdb.com/title/tt0477348/?ref_=chttp_t_146","8.2","Ethan Coen","Joel Coen","","Joel Coen","Ethan Coen","Cormac McCarthy","Tommy Lee Jones","Javier Bardem","Josh Brolin","","","","","","","","",""
"1762884910-106","https://www.imdb.com/chart/top/?ref_=hm_nv_menu","Casino","https://www.imdb.com/title/tt0112641/?ref_=chttp_t_145","8.2","Martin Scorsese","","","Nicholas Pileggi","Martin Scorsese","","Robert De Niro","Sharon Stone","Joe Pesci","","","","","","","","",""
"1762884913-107","https://www.imdb.com/chart/top/?ref_=hm_nv_menu","The Chaos Class Failed the Class","https://www.imdb.com/title/tt0252488/?ref_=chttp_t_144","8.6","","","","","","","","","","Münir Özkul","Tarik Akan","Kemal Sunal","Sadik Sendil","Rifat Ilgaz","","Ertem Egilmez","",""
"1762884916-108","https://www.imdb.com/chart/top/?ref_=hm_nv_menu","Ran","https://www.imdb.com/title/tt0089881/?ref_=chttp_t_143","8.2","Akira Kurosawa","","","Akira Kurosawa","Hideo Oguni","Masato Ide","Tatsuya Nakadai","Akira Terao","Jinpachi Nezu","","","","","","","","",""
"1762884918-109","https://www.imdb.com/chart/top/?ref_=hm_nv_menu","The Sixth Sense","https://www.imdb.com/title/tt0167404/?ref_=chttp_t_142","8.2","M. Night Shyamalan","","","M. Night Shyamalan","","","Bruce Willis","Haley Joel Osment","Toni Collette","","","","","","","","",""
"1762884921-110","https://www.imdb.com/chart/top/?ref_=hm_nv_menu","All About Eve","https://www.imdb.com/title/tt0042192/?ref_=chttp_t_141","8.2","Joseph L. Mankiewicz","","","Joseph L. Mankiewicz","Mary Orr","","Bette Davis","Anne Baxter","George Sanders","","","","","","","","",""
"1762884924-111","https://www.imdb.com/chart/top/?ref_=hm_nv_menu","The Father","https://www.imdb.com/title/tt10272386/?ref_=chttp_t_140","8.2","Florian Zeller","","","Christopher Hampton","Florian Zeller","","Olivia Colman","Anthony Hopkins","Mark Gatiss","","","","","","","","",""
"1762884926-112","https://www.imdb.com/chart/top/?ref_=hm_nv_menu","The Kid","https://www.imdb.com/title/tt0012349/?ref_=chttp_t_139","8.2","","","","","","","","","","Charles Chaplin","Jackie Coogan","Carl Miller","Charles Chaplin","","","Charles Chaplin","",""
"1762884929-113","https://www.imdb.com/chart/top/?ref_=hm_nv_menu","There Will Be Blood","https://www.imdb.com/title/tt0469494/?ref_=chttp_t_138","8.2","Paul Thomas Anderson","","","Paul Thomas Anderson","Upton Sinclair","","Daniel Day-Lewis","Martin Stringer","Matthew Braden Stringer","","","","","","","","",""
"1762884932-114","https://www.imdb.com/chart/top/?ref_=hm_nv_menu","Jurassic Park","https://www.imdb.com/title/tt0107290/?ref_=chttp_t_137","8.2","Steven Spielberg","","","Michael Crichton","David Koepp","","Sam Neill","Laura Dern","Jeff Goldblum","","","","","","","","",""
"1762884935-115","https://www.imdb.com/chart/top/?ref_=hm_nv_menu","Some Like It Hot","https://www.imdb.com/title/tt0053291/?ref_=chttp_t_136","8.2","Billy Wilder","","","Billy Wilder","I.A.L. Diamond","Robert Thoeren","Marilyn Monroe","Tony Curtis","Jack Lemmon","","","","","","","","",""
"1762884938-116","https://www.imdb.com/chart/top/?ref_=hm_nv_menu","For a Few Dollars More","https://www.imdb.com/title/tt0059578/?ref_=chttp_t_135","8.2","Sergio Leone","","","Sergio Leone","Fulvio Morsella","Luciano Vincenzoni","Clint Eastwood","Lee Van Cleef","Gian Maria Volontè","","","","","","","","",""
"1762884941-117","https://www.imdb.com/chart/top/?ref_=hm_nv_menu","Judgment at Nuremberg","https://www.imdb.com/title/tt0055031/?ref_=chttp_t_134","8.3","Stanley Kramer","","","Abby Mann","Montgomery Clift","","Spencer Tracy","Burt Lancaster","Richard Widmark","","","","","","","","",""
"1762884944-118","https://www.imdb.com/chart/top/?ref_=hm_nv_menu","Shutter Island","https://www.imdb.com/title/tt1130884/?ref_=chttp_t_133","8.2","Martin Scorsese","","","Laeta Kalogridis","Dennis Lehane","","Leonardo DiCaprio","Mark Ruffalo","Ben Kingsley","","","","","","","","",""
"1762884947-119","https://www.imdb.com/chart/top/?ref_=hm_nv_menu","Taxi Driver","https://www.imdb.com/title/tt0075314/?ref_=chttp_t_132","8.2","Martin Scorsese","","","Paul Schrader","","","Diahnne Abbott","Frank Adu","Victor Argo","","","","","","","","",""
"1762884950-120","https://www.imdb.com/chart/top/?ref_=hm_nv_menu","Hamilton","https://www.imdb.com/title/tt8503618/?ref_=chttp_t_131","8.3","Thomas Kail","","","Lin-Manuel Miranda","Ron Chernow","","Daveed Diggs","Renée Elise Goldsberry","Jonathan Groff","","","","","","","","",""
"1762884952-121","https://www.imdb.com/chart/top/?ref_=hm_nv_menu","Batman Begins","https://www.imdb.com/title/tt0372784/?ref_=chttp_t_130","8.2","Christopher Nolan","","","Bob Kane","David S. Goyer","Christopher Nolan","Christian Bale","Michael Caine","Liam Neeson","","","","","","","","",""
"1762884955-122","https://www.imdb.com/chart/top/?ref_=hm_nv_menu","Green Book","https://www.imdb.com/title/tt6966692/?ref_=chttp_t_129","8.2","Peter Farrelly","","","Nick Vallelonga","Brian Hayes Currie","Peter Farrelly","Viggo Mortensen","Mahershala Ali","Linda Cardellini","","","","","","","","",""
"1762884958-123","https://www.imdb.com/chart/top/?ref_=hm_nv_menu","The Truman Show","https://www.imdb.com/title/tt0120382/?ref_=chttp_t_128","8.2","Peter Weir","","","Andrew Niccol","","","Jim Carrey","Laura Linney","Noah Emmerich","","","","","","","","",""
"1762884961-124","https://www.imdb.com/chart/top/?ref_=hm_nv_menu","The Wolf of Wall Street","https://www.imdb.com/title/tt0993846/?ref_=chttp_t_127","8.2","Martin Scorsese","","","Terence Winter","Jordan Belfort","","Leonardo DiCaprio","Jonah Hill","Margot Robbie","","","","","","","","",""
"1762884964-125","https://www.imdb.com/chart/top/?ref_=hm_nv_menu","Dangal","https://www.imdb.com/title/tt5074352/?ref_=chttp_t_126","8.3","Nitesh Tiwari","","","Piyush Gupta","Shreyas Jain","Nikhil Mehrotra","Aamir Khan","Fatima Sana Shaikh","Sanya Malhotra","","","","","","","","",""
"1762884967-126","https://www.imdb.com/chart/top/?ref_=hm_nv_menu","Bicycle Thieves","https://www.imdb.com/title/tt0040522/?ref_=chttp_t_125","8.2","Vittorio De Sica","","","Cesare Zavattini","Luigi Bartolini","Oreste Biancoli","Lamberto Maggiorani","Enzo Staiola","Lianella Carell","","","","","","","","",""
"1762884970-127","https://www.imdb.com/chart/top/?ref_=hm_nv_menu","Downfall","https://www.imdb.com/title/tt0363163/?ref_=chttp_t_124","8.2","Oliver Hirschbiegel","","","Bernd Eichinger","Joachim Fest","Traudl Junge","Bruno Ganz","Alexandra Maria Lara","Corinna Harfouch","","","","","","","","",""
"1762884972-128","https://www.imdb.com/chart/top/?ref_=hm_nv_menu","L.A. Confidential","https://www.imdb.com/title/tt0119488/?ref_=chttp_t_123","8.2","Curtis Hanson","","","James Ellroy","Brian Helgeland","Curtis Hanson","Kevin Spacey","Russell Crowe","Guy Pearce","","","","","","","","",""
"1762884975-129","https://www.imdb.com/chart/top/?ref_=hm_nv_menu","Oppenheimer","https://www.imdb.com/title/tt15398776/?ref_=chttp_t_122","8.3","Christopher Nolan","","","Christopher Nolan","Kai Bird","Martin Sherwin","Cillian Murphy","Emily Blunt","Robert Downey Jr.","","","","","","","","",""
"1762884978-130","https://www.imdb.com/chart/top/?ref_=hm_nv_menu","1917","https://www.imdb.com/title/tt8579674/?ref_=chttp_t_121","8.2","Sam Mendes","","","Sam Mendes","Krysty Wilson-Cairns","","Dean-Charles Chapman","George MacKay","Daniel Mays","","","","","","","","",""
"1762884981-131","https://www.imdb.com/chart/top/?ref_=hm_nv_menu","Snatch","https://www.imdb.com/title/tt0208092/?ref_=chttp_t_120","8.2","Guy Ritchie","","","Guy Ritchie","","","Ade","William Beck","Andy Beckwith","","","","","","","","",""
"1762884983-132","https://www.imdb.com/chart/top/?ref_=hm_nv_menu","Metropolis","https://www.imdb.com/title/tt0017136/?ref_=chttp_t_119","8.3","Fritz Lang","","","Thea von Harbou","Fritz Lang","","Alfred Abel","Gustav Fröhlich","Rudolf Klein-Rogge","","","","","","","","",""
"1762884986-133","https://www.imdb.com/chart/top/?ref_=hm_nv_menu","A Clockwork Orange","https://www.imdb.com/title/tt0066921/?ref_=chttp_t_118","8.2","Stanley Kubrick","","","Stanley Kubrick","Anthony Burgess","","Malcolm McDowell","Patrick Magee","Michael Bates","","","","","","","","",""
"1762884989-134","https://www.imdb.com/chart/top/?ref_=hm_nv_menu","The Sting","https://www.imdb.com/title/tt0070735/?ref_=chttp_t_117","8.2","George Roy Hill","","","David S. Ward","","","Paul Newman","Robert Redford","Robert Shaw","","","","","","","","",""
"1762884993-135","https://www.imdb.com/chart/top/?ref_=hm_nv_menu","Indiana Jones and the Last Crusade","https://www.imdb.com/title/tt0097576/?ref_=chttp_t_116","8.2","Steven Spielberg","","","Jeffrey Boam","George Lucas","Menno Meyjes","Harrison Ford","Sean Connery","Denholm Elliott","","","","","","","","",""
"1762884995-136","https://www.imdb.com/chart/top/?ref_=hm_nv_menu","To Kill a Mockingbird","https://www.imdb.com/title/tt0056592/?ref_=chttp_t_115","8.3","Robert Mulligan","","","Harper Lee","Horton Foote","","Gregory Peck","John Megna","Frank Overton","","","","","","","","",""
"1762884998-137","https://www.imdb.com/chart/top/?ref_=hm_nv_menu","Die Hard","https://www.imdb.com/title/tt0095016/?ref_=chttp_t_114","8.2","John McTiernan","","","Roderick Thorp","Jeb Stuart","Steven E. de Souza","Bruce Willis","Bonnie Bedelia","Reginald VelJohnson","","","","","","","","",""
"1762885002-138","https://www.imdb.com/chart/top/?ref_=hm_nv_menu","A Separation","https://www.imdb.com/title/tt1832382/?ref_=chttp_t_113","8.3","Asghar Farhadi","","","Asghar Farhadi","","","Leila Hatami","Payman Maadi","Shahab Hosseini","","","","","","","","",""
"1762885005-139","https://www.imdb.com/chart/top/?ref_=hm_nv_menu","Like Stars on Earth","https://www.imdb.com/title/tt0986264/?ref_=chttp_t_112","8.3","Aamir Khan","","","Amole Gupte","","","Darsheel Safary","Aamir Khan","Tisca Chopra","","","","","","","","",""
"1762885008-140","https://www.imdb.com/chart/top/?ref_=hm_nv_menu","Amélie","https://www.imdb.com/title/tt0211915/?ref_=chttp_t_111","8.3","Jean-Pierre Jeunet","","","Guillaume Laurant","Jean-Pierre Jeunet","","Audrey Tautou","Mathieu Kassovitz","Rufus","","","","","","","","",""
"1762885011-141","https://www.imdb.com/chart/top/?ref_=hm_nv_menu","Vertigo","https://www.imdb.com/title/tt0052357/?ref_=chttp_t_110","8.2","Alfred Hitchcock","","","Alec Coppel","Samuel A. Taylor","Pierre Boileau","James Stewart","Kim Novak","Barbara Bel Geddes","","","","","","","","",""
"1762885013-142","https://www.imdb.com/chart/top/?ref_=hm_nv_menu","Citizen Kane","https://www.imdb.com/title/tt0033467/?ref_=chttp_t_109","8.2","Orson Welles","","","Herman J. Mankiewicz","Orson Welles","Roger Q. Denny","Joseph Cotten","Dorothy Comingore","Agnes Moorehead","","","","","","","","",""
"1762885016-143","https://www.imdb.com/chart/top/?ref_=hm_nv_menu","Full Metal Jacket","https://www.imdb.com/title/tt0093058/?ref_=chttp_t_108","8.2","Stanley Kubrick","","","Stanley Kubrick","Michael Herr","Gustav Hasford","Matthew Modine","Adam Baldwin","Vincent D'Onofrio","","","","","","","","",""
"1762885022-144","https://www.imdb.com/chart/top/?ref_=hm_nv_menu","M","https://www.imdb.com/title/tt0022100/?ref_=chttp_t_107","8.3","Fritz Lang","","","Thea von Harbou","Fritz Lang","Egon Jacobsohn","Peter Lorre","Ellen Widmann","Inge Landgut","","","","","","","","",""
"1762885025-145","https://www.imdb.com/chart/top/?ref_=hm_nv_menu","North by Northwest","https://www.imdb.com/title/tt0053125/?ref_=chttp_t_106","8.3","Alfred Hitchcock","","","Ernest Lehman","","","Cary Grant","Eva Marie Saint","James Mason","","","","","","","","",""
"1762885028-146","https://www.imdb.com/chart/top/?ref_=hm_nv_menu","Up","https://www.imdb.com/title/tt1049413/?ref_=chttp_t_105","8.3","Pete Docter","Bob Peterson","","Pete Docter","Bob Peterson","Tom McCarthy","Edward Asner","Christopher Plummer","Jordan Nagai","","","","","","","","",""
"1762885030-147","https://www.imdb.com/chart/top/?ref_=hm_nv_menu","Double Indemnity","https://www.imdb.com/title/tt0036775/?ref_=chttp_t_104","8.3","Billy Wilder","","","Billy Wilder","Raymond Chandler","James M. Cain","Fred MacMurray","Barbara Stanwyck","Edward G. Robinson","","","","","","","","",""
"1762885033-148","https://www.imdb.com/chart/top/?ref_=hm_nv_menu","Heat","https://www.imdb.com/title/tt0113277/?ref_=chttp_t_103","8.3","Michael Mann","","","Michael Mann","","","Al Pacino","Robert De Niro","Val Kilmer","","","","","","","","",""
"1762885037-149","https://www.imdb.com/chart/top/?ref_=hm_nv_menu","Scarface","https://www.imdb.com/title/tt0086250/?ref_=chttp_t_102","8.3","Brian De Palma","","","Oliver Stone","Howard Hawks","Ben Hecht","Al Pacino","Steven Bauer","Michelle Pfeiffer","","","","","","","","",""
"1762885040-150","https://www.imdb.com/chart/top/?ref_=hm_nv_menu","Reservoir Dogs","https://www.imdb.com/title/tt0105236/?ref_=chttp_t_101","8.3","Quentin Tarantino","","","Quentin Tarantino","Roger Avary","","Harvey Keitel","Tim Roth","Michael Madsen","","","","","","","","",""
"1762885043-151","https://www.imdb.com/chart/top/?ref_=hm_nv_menu","2001: A Space Odyssey","https://www.imdb.com/title/tt0062622/?ref_=chttp_t_100","8.3","Stanley Kubrick","","","Stanley Kubrick","Arthur C. Clarke","","Keir Dullea","Gary Lockwood","William Sylvester","","","","","","","","",""
"1762885046-152","https://www.imdb.com/chart/top/?ref_=hm_nv_menu","Lawrence of Arabia","https://www.imdb.com/title/tt0056172/?ref_=chttp_t_99","8.3","David Lean","","","Robert Bolt","Michael Wilson","","Peter O'Toole","Alec Guinness","Anthony Quinn","","","","","","","","",""
"1762885048-153","https://www.imdb.com/chart/top/?ref_=hm_nv_menu","The Apartment","https://www.imdb.com/title/tt0053604/?ref_=chttp_t_98","8.3","Billy Wilder","","","Billy Wilder","I.A.L. Diamond","","Jack Lemmon","Shirley MacLaine","Fred MacMurray","","","","","","","","",""
"1762885051-154","https://www.imdb.com/chart/top/?ref_=hm_nv_menu","Incendies","https://www.imdb.com/title/tt1255953/?ref_=chttp_t_97","8.3","Denis Villeneuve","","","Wajdi Mouawad","Denis Villeneuve","Valérie Beaugrand-Champagne","Mustafa Kamel","Hussein Sami","Rémy Girard","","","","","","","","",""
"1762885054-155","https://www.imdb.com/chart/top/?ref_=hm_nv_menu","Eternal Sunshine of the Spotless Mind","https://www.imdb.com/title/tt0338013/?ref_=chttp_t_96","8.3","Michel Gondry","","","Charlie Kaufman","Michel Gondry","Pierre Bismuth","Jim Carrey","Kate Winslet","Gerry Robert Byrne","","","","","","","","",""
"1762885057-156","https://www.imdb.com/chart/top/?ref_=hm_nv_menu","Ikiru","https://www.imdb.com/title/tt0044741/?ref_=chttp_t_95","8.3","Akira Kurosawa","","","Akira Kurosawa","Shinobu Hashimoto","Hideo Oguni","Takashi Shimura","Shin'ichi Himori","Haruo Tanaka","","","","","","","","",""
"1762885060-157","https://www.imdb.com/chart/top/?ref_=hm_nv_menu","The Hunt","https://www.imdb.com/title/tt2106476/?ref_=chttp_t_94","8.3","Thomas Vinterberg","","","Thomas Vinterberg","Tobias Lindholm","","Mads Mikkelsen","Thomas Bo Larsen","Annika Wedderkopp","","","","","","","","",""
"1762885062-158","https://www.imdb.com/chart/top/?ref_=hm_nv_menu","Toy Story 3","https://www.imdb.com/title/tt0435761/?ref_=chttp_t_93","8.3","Lee Unkrich","","","John Lasseter","Andrew Stanton","Lee Unkrich","Tom Hanks","Tim Allen","Joan Cusack","","","","","","","","",""
"1762885065-159","https://www.imdb.com/chart/top/?ref_=hm_nv_menu","Star Wars: Episode VI - Return of the Jedi","https://www.imdb.com/title/tt0086190/?ref_=chttp_t_92","8.3","Richard Marquand","","","Lawrence Kasdan","George Lucas","","Mark Hamill","Harrison Ford","Carrie Fisher","","","","","","","","",""
"1762885068-160","https://www.imdb.com/chart/top/?ref_=hm_nv_menu","Requiem for a Dream","https://www.imdb.com/title/tt0180093/?ref_=chttp_t_91","8.3","Darren Aronofsky","","","Hubert Selby Jr.","Darren Aronofsky","","Ellen Burstyn","Jared Leto","Jennifer Connelly","","","","","","","","",""
"1762885071-161","https://www.imdb.com/chart/top/?ref_=hm_nv_menu","Come and See","https://www.imdb.com/title/tt0091251/?ref_=chttp_t_90","8.3","Elem Klimov","","","Ales Adamovich","Elem Klimov","","Aleksey Kravchenko","Olga Mironova","Liubomiras Laucevicius","","","","","","","","",""
"1762885073-162","https://www.imdb.com/chart/top/?ref_=hm_nv_menu","Singin' in the Rain","https://www.imdb.com/title/tt0045152/?ref_=chttp_t_89","8.3","Stanley Donen","Gene Kelly","","Betty Comden","Adolph Green","","Gene Kelly","Donald O'Connor","Debbie Reynolds","","","","","","","","",""
"1762885076-163","https://www.imdb.com/chart/top/?ref_=hm_nv_menu","Once Upon a Time in America","https://www.imdb.com/title/tt0087843/?ref_=chttp_t_88","8.3","Sergio Leone","","","Harry Grey","Leonardo Benvenuti","Piero De Bernardi","Robert De Niro","James Woods","Elizabeth McGovern","","","","","","","","",""
"1762885079-164","https://www.imdb.com/chart/top/?ref_=hm_nv_menu","Joker","https://www.imdb.com/title/tt7286456/?ref_=chttp_t_87","8.3","Todd Phillips","","","Todd Phillips","Scott Silver","Bob Kane","Joaquin Phoenix","Robert De Niro","Zazie Beetz","","","","","","","","",""
"1762885082-165","https://www.imdb.com/chart/top/?ref_=hm_nv_menu","Capernaum","https://www.imdb.com/title/tt8267604/?ref_=chttp_t_86","8.4","Nadine Labaki","","","Nadine Labaki","Jihad Hojeily","Michelle Keserwany","Zain Al Rafeea","Yordanos Shiferaw","Boluwatife Treasure Bankole","","","","","","","","",""
"1762885084-166","https://www.imdb.com/chart/top/?ref_=hm_nv_menu","3 Idiots","https://www.imdb.com/title/tt1187043/?ref_=chttp_t_85","8.4","Rajkumar Hirani","","","Abhijat Joshi","Rajkumar Hirani","Vidhu Vinod Chopra","Aamir Khan","Madhavan","Sharman Joshi","","","","","","","","",""
"1762885087-167","https://www.imdb.com/chart/top/?ref_=hm_nv_menu","American Beauty","https://www.imdb.com/title/tt0169547/?ref_=chttp_t_84","8.3","Sam Mendes","","","Alan Ball","","","Kevin Spacey","Annette Bening","Thora Birch","","","","","","","","",""
"1762885090-168","https://www.imdb.com/chart/top/?ref_=hm_nv_menu","Princess Mononoke","https://www.imdb.com/title/tt0119698/?ref_=chttp_t_83","8.3","Hayao Miyazaki","","","Hayao Miyazaki","","","Yôji Matsuda","Yuriko Ishida","Yûko Tanaka","","","","","","","","",""
"1762885092-169","https://www.imdb.com/chart/top/?ref_=hm_nv_menu","Braveheart","https://www.imdb.com/title/tt0112573/?ref_=chttp_t_82","8.3","Mel Gibson","","","Randall Wallace","","","James Robinson","Sean Lawlor","Sandy Nelson","","","","","","","","",""
"1762885095-170","https://www.imdb.com/chart/top/?ref_=hm_nv_menu","Dr. Strangelove or: How I Learned to Stop Worrying and Love the Bomb","https://www.imdb.com/title/tt0057012/?ref_=chttp_t_81","8.3","Stanley Kubrick","","","Stanley Kubrick","Terry Southern","Peter George","Peter Sellers","George C. Scott","Sterling Hayden","","","","","","","","",""
"1762885098-171","https://www.imdb.com/chart/top/?ref_=hm_nv_menu","Your Name.","https://www.imdb.com/title/tt5311514/?ref_=chttp_t_80","8.4","Makoto Shinkai","","","Makoto Shinkai","","","Ryûnosuke Kamiki","Mone Kamishiraishi","Ryo Narita","","","","","","","","",""
"1762885101-172","https://www.imdb.com/chart/top/?ref_=hm_nv_menu","Das Boot","https://www.imdb.com/title/tt0082096/?ref_=chttp_t_79","8.4","Wolfgang Petersen","","","Lothar G. Buchheim","Wolfgang Petersen","","Jürgen Prochnow","Herbert Grönemeyer","Klaus Wennemann","","","","","","","","",""
"1762885103-173","https://www.imdb.com/chart/top/?ref_=hm_nv_menu","Oldboy","https://www.imdb.com/title/tt0364569/?ref_=chttp_t_78","8.3","Park Chan-wook","","","Garon Tsuchiya","Nobuaki Minegishi","Park Chan-wook","Choi Min-sik","Yoo Ji-tae","Kang Hye-jeong","","","","","","","","",""
"1762885106-174","https://www.imdb.com/chart/top/?ref_=hm_nv_menu","Toy Story","https://www.imdb.com/title/tt0114709/?ref_=chttp_t_77","8.3","John Lasseter","","","John Lasseter","Pete Docter","Andrew Stanton","Tom Hanks","Tim Allen","Don Rickles","","","","","","","","",""
"1762885109-175","https://www.imdb.com/chart/top/?ref_=hm_nv_menu","Good Will Hunting","https://www.imdb.com/title/tt0119217/?ref_=chttp_t_76","8.3","Gus Van Sant","","","Matt Damon","Ben Affleck","","Matt Damon","Ben Affleck","Stellan Skarsgård","","","","","","","","",""
"1762885112-176","https://www.imdb.com/chart/top/?ref_=hm_nv_menu","Amadeus","https://www.imdb.com/title/tt0086879/?ref_=chttp_t_75","8.4","Milos Forman","","","Peter Shaffer","Zdenek Mahler","","F. Murray Abraham","Tom Hulce","Elizabeth Berridge","","","","","","","","",""
"1762885115-177","https://www.imdb.com/chart/top/?ref_=hm_nv_menu","Avengers: Endgame","https://www.imdb.com/title/tt4154796/?ref_=chttp_t_74","8.4","Anthony Russo","Joe Russo","","Christopher Markus","Stephen McFeely","Stan Lee","Robert Downey Jr.","Chris Evans","Mark Ruffalo","","","","","","","","",""
"1762885118-178","https://www.imdb.com/chart/top/?ref_=hm_nv_menu","Coco","https://www.imdb.com/title/tt2380307/?ref_=chttp_t_73","8.4","Adrian Molina","Lee Unkrich","","Lee Unkrich","Jason Katz","Matthew Aldrich","Anthony Gonzalez","Gael García Bernal","Benjamin Bratt","","","","","","","","",""
"1762885120-179","https://www.imdb.com/chart/top/?ref_=hm_nv_menu","High and Low","https://www.imdb.com/title/tt0057565/?ref_=chttp_t_72","8.4","Akira Kurosawa","","","Hideo Oguni","Ryûzô Kikushima","Eijirô Hisaita","Toshirô Mifune","Tatsuya Nakadai","Kyôko Kagawa","","","","","","","","",""
"1762885123-180","https://www.imdb.com/chart/top/?ref_=hm_nv_menu","The Dark Knight Rises","https://www.imdb.com/title/tt1345836/?ref_=chttp_t_71","8.4","Christopher Nolan","","","Jonathan Nolan","Christopher Nolan","David S. Goyer","Christian Bale","Gary Oldman","Tom Hardy","","","","","","","","",""
"1762885126-181","https://www.imdb.com/chart/top/?ref_=hm_nv_menu","12th Fail","https://www.imdb.com/title/tt23849204/?ref_=chttp_t_70","8.7","Vidhu Vinod Chopra","","","Vidhu Vinod Chopra","Jaskunwar Kohli","Anurag Pathak","Vikrant Massey","Medha Shankr","Anant Joshi","","","","","","","","",""
"1762885129-182","https://www.imdb.com/chart/top/?ref_=hm_nv_menu","Aliens","https://www.imdb.com/title/tt0090605/?ref_=chttp_t_69","8.4","James Cameron","","","James Cameron","David Giler","Walter Hill","Sigourney Weaver","Carrie Henn","Michael Biehn","","","","","","","","",""
"1762885132-183","https://www.imdb.com/chart/top/?ref_=hm_nv_menu","Inglourious Basterds","https://www.imdb.com/title/tt0361748/?ref_=chttp_t_68","8.4","Quentin Tarantino","","","Quentin Tarantino","","","Brad Pitt","Mélanie Laurent","Christoph Waltz","","","","","","","","",""
"1762885135-184","https://www.imdb.com/chart/top/?ref_=hm_nv_menu","The Great Dictator","https://www.imdb.com/title/tt0032553/?ref_=chttp_t_67","8.4","Charles Chaplin","","","Charles Chaplin","","","Charles Chaplin","Jack Oakie","Reginald Gardiner","","","","","","","","",""
"1762885137-185","https://www.imdb.com/chart/top/?ref_=hm_nv_menu","The Shining","https://www.imdb.com/title/tt0081505/?ref_=chttp_t_66","8.4","Stanley Kubrick","","","Stephen King","Stanley Kubrick","Diane Johnson","Jack Nicholson","Shelley Duvall","Danny Lloyd","","","","","","","","",""
"1762885140-186","https://www.imdb.com/chart/top/?ref_=hm_nv_menu","Paths of Glory","https://www.imdb.com/title/tt0050825/?ref_=chttp_t_65","8.4","Stanley Kubrick","","","Stanley Kubrick","Calder Willingham","Jim Thompson","Kirk Douglas","Ralph Meeker","Adolphe Menjou","","","","","","","","",""
"1762885143-187","https://www.imdb.com/chart/top/?ref_=hm_nv_menu","Witness for the Prosecution","https://www.imdb.com/title/tt0051201/?ref_=chttp_t_64","8.4","Billy Wilder","","","Agatha Christie","Billy Wilder","Harry Kurnitz","Tyrone Power","Marlene Dietrich","Charles Laughton","","","","","","","","",""
"1762885145-188","https://www.imdb.com/chart/top/?ref_=hm_nv_menu","Sunset Boulevard","https://www.imdb.com/title/tt0043014/?ref_=chttp_t_63","8.4","Billy Wilder","","","Charles Brackett","Billy Wilder","D.M. Marshman Jr.","William Holden","Gloria Swanson","Erich von Stroheim","","","","","","","","",""
"1762885150-189","https://www.imdb.com/chart/top/?ref_=hm_nv_menu","Spider-Man: Into the Spider-Verse","https://www.imdb.com/title/tt4633694/?ref_=chttp_t_62","8.4","Bob Persichetti","Peter Ramsey","Rodney Rothman","Phil Lord","Rodney Rothman","","Shameik Moore","Jake Johnson","Hailee Steinfeld","","","","","","","","",""
"1762885152-190","https://www.imdb.com/chart/top/?ref_=hm_nv_menu","The Lives of Others","https://www.imdb.com/title/tt0405094/?ref_=chttp_t_61","8.4","","","","","","","","","","Martina Gedeck","Ulrich Mühe","Sebastian Koch","Florian Henckel von Donnersmarck","","","Florian Henckel von Donnersmarck","",""
"1762885155-191","https://www.imdb.com/chart/top/?ref_=hm_nv_menu","Avengers: Infinity War","https://www.imdb.com/title/tt4154756/?ref_=chttp_t_60","8.4","Anthony Russo","Joe Russo","","Christopher Markus","Stephen McFeely","Stan Lee","Robert Downey Jr.","Chris Hemsworth","Mark Ruffalo","","","","","","","","",""
"1762885158-192","https://www.imdb.com/chart/top/?ref_=hm_nv_menu","Raiders of the Lost Ark","https://www.imdb.com/title/tt0082971/?ref_=chttp_t_59","8.4","Steven Spielberg","","","Lawrence Kasdan","George Lucas","Philip Kaufman","Harrison Ford","Karen Allen","Paul Freeman","","","","","","","","",""
"1762885161-193","https://www.imdb.com/chart/top/?ref_=hm_nv_menu","Dune: Part Two","https://www.imdb.com/title/tt15239678/?ref_=chttp_t_58","8.4","Denis Villeneuve","","","Denis Villeneuve","Jon Spaihts","Frank Herbert","Timothée Chalamet","Zendaya","Rebecca Ferguson","","","","","","","","",""
"1762885163-194","https://www.imdb.com/chart/top/?ref_=hm_nv_menu","Memento","https://www.imdb.com/title/tt0209144/?ref_=chttp_t_57","8.4","Christopher Nolan","","","Christopher Nolan","Jonathan Nolan","","Guy Pearce","Carrie-Anne Moss","Joe Pantoliano","","","","","","","","",""
"1762885166-195","https://www.imdb.com/chart/top/?ref_=hm_nv_menu","WALL·E","https://www.imdb.com/title/tt0910970/?ref_=chttp_t_56","8.4","Andrew Stanton","","","Andrew Stanton","Pete Docter","Jim Reardon","Ben Burtt","Elissa Knight","Jeff Garlin","","","","","","","","",""
"1762885169-196","https://www.imdb.com/chart/top/?ref_=hm_nv_menu","Apocalypse Now","https://www.imdb.com/title/tt0078788/?ref_=chttp_t_55","8.4","Francis Ford Coppola","","","John Milius","Francis Ford Coppola","Michael Herr","Marlon Brando","Martin Sheen","Robert Duvall","","","","","","","","",""
"1762885172-197","https://www.imdb.com/chart/top/?ref_=hm_nv_menu","City Lights","https://www.imdb.com/title/tt0021749/?ref_=chttp_t_54","8.5","Charles Chaplin","","","Charles Chaplin","Harry Carr","Harry Crocker","Virginia Cherrill","Florence Lee","Harry Myers","","","","","","","","",""
"1762885175-198","https://www.imdb.com/chart/top/?ref_=hm_nv_menu","Once Upon a Time in the West","https://www.imdb.com/title/tt0064116/?ref_=chttp_t_53","8.5","Sergio Leone","","","Sergio Donati","Sergio Leone","Dario Argento","Claudia Cardinale","Henry Fonda","Jason Robards","","","","","","","","",""
"1762885177-199","https://www.imdb.com/chart/top/?ref_=hm_nv_menu","Django Unchained","https://www.imdb.com/title/tt1853728/?ref_=chttp_t_52","8.5","Quentin Tarantino","","","Quentin Tarantino","","","Jamie Foxx","Christoph Waltz","Leonardo DiCaprio","","","","","","","","",""
"1762885180-200","https://www.imdb.com/chart/top/?ref_=hm_nv_menu","Rear Window","https://www.imdb.com/title/tt0047396/?ref_=chttp_t_51","8.5","Alfred Hitchcock","","","John Michael Hayes","Cornell Woolrich","","James Stewart","Grace Kelly","Wendell Corey","","","","","","","","",""
"1762885183-201","https://www.imdb.com/chart/top/?ref_=hm_nv_menu","Modern Times","https://www.imdb.com/title/tt0027977/?ref_=chttp_t_50","8.5","Charles Chaplin","","","Charles Chaplin","","","Charles Chaplin","Paulette Goddard","Henry Bergman","","","","","","","","",""
"1762885185-202","https://www.imdb.com/chart/top/?ref_=hm_nv_menu","Alien","https://www.imdb.com/title/tt0078748/?ref_=chttp_t_49","8.5","Ridley Scott","","","Dan O'Bannon","Ronald Shusett","","Tom Skerritt","Sigourney Weaver","Veronica Cartwright","","","","","","","","",""
"1762885188-203","https://www.imdb.com/chart/top/?ref_=hm_nv_menu","The Usual Suspects","https://www.imdb.com/title/tt0114814/?ref_=chttp_t_48","8.5","Bryan Singer","","","Christopher McQuarrie","","","Stephen Baldwin","Gabriel Byrne","Benicio Del Toro","","","","","","","","",""
"1762885191-204","https://www.imdb.com/chart/top/?ref_=hm_nv_menu","The Intouchables","https://www.imdb.com/title/tt1675434/?ref_=chttp_t_47","8.5","Olivier Nakache","Éric Toledano","","Olivier Nakache","Éric Toledano","Philippe Pozzo di Borgo","François Cluzet","Omar Sy","Anne Le Ny","","","","","","","","",""
"1762885194-205","https://www.imdb.com/chart/top/?ref_=hm_nv_menu","Cinema Paradiso","https://www.imdb.com/title/tt0095765/?ref_=chttp_t_46","8.5","Giuseppe Tornatore","","","Giuseppe Tornatore","Vanna Paoli","","Antonella Attili","Enzo Cannavale","Isa Danieli","","","","","","","","",""
"1762885196-206","https://www.imdb.com/chart/top/?ref_=hm_nv_menu","Casablanca","https://www.imdb.com/title/tt0034583/?ref_=chttp_t_45","8.5","Michael Curtiz","","","Philip G. Epstein","Julius J. Epstein","Howard Koch","Humphrey Bogart","Ingrid Bergman","Paul Henreid","","","","","","","","",""
"1762885200-207","https://www.imdb.com/chart/top/?ref_=hm_nv_menu","Spider-Man: Across the Spider-Verse","https://www.imdb.com/title/tt9362722/?ref_=chttp_t_44","8.5","Joaquim Dos Santos","Kemp Powers","Justin K. Thompson","Phil Lord","Christopher Miller","Dave Callaham","Shameik Moore","Hailee Steinfeld","Brian Tyree Henry","","","","","","","","",""
"1762885203-208","https://www.imdb.com/chart/top/?ref_=hm_nv_menu","Léon: The Professional","https://www.imdb.com/title/tt0110413/?ref_=chttp_t_43","8.5","Luc Besson","","","Luc Besson","","","Jean Reno","Gary Oldman","Natalie Portman","","","","","","","","",""
"1762885206-209","https://www.imdb.com/chart/top/?ref_=hm_nv_menu","American History X","https://www.imdb.com/title/tt0120586/?ref_=chttp_t_42","8.5","Tony Kaye","","","David McKenna","","","Edward Norton","Edward Furlong","Beverly D'Angelo","","","","","","","","",""
"1762885209-210","https://www.imdb.com/chart/top/?ref_=hm_nv_menu","The Prestige","https://www.imdb.com/title/tt0482571/?ref_=chttp_t_41","8.5","Christopher Nolan","","","Jonathan Nolan","Christopher Nolan","Christopher Priest","Hugh Jackman","Christian Bale","Michael Caine","","","","","","","","",""
"1762885212-211","https://www.imdb.com/chart/top/?ref_=hm_nv_menu","Whiplash","https://www.imdb.com/title/tt2582802/?ref_=chttp_t_40","8.5","Damien Chazelle","","","Damien Chazelle","","","Miles Teller","J.K. Simmons","Paul Reiser","","","","","","","","",""
"1762885215-212","https://www.imdb.com/chart/top/?ref_=hm_nv_menu","Harakiri","https://www.imdb.com/title/tt0056058/?ref_=chttp_t_39","8.6","","","","","","","","","","Tatsuya Nakadai","Akira Ishihama","Shima Iwashita","Yasuhiko Takiguchi","Shinobu Hashimoto","","Masaki Kobayashi","",""
"1762885218-213","https://www.imdb.com/chart/top/?ref_=hm_nv_menu","The Departed","https://www.imdb.com/title/tt0407887/?ref_=chttp_t_38","8.5","Martin Scorsese","","","William Monahan","Alan Mak","Felix Chong","Leonardo DiCaprio","Matt Damon","Jack Nicholson","","","","","","","","",""
"1762885220-214","https://www.imdb.com/chart/top/?ref_=hm_nv_menu","Grave of the Fireflies","https://www.imdb.com/title/tt0095327/?ref_=chttp_t_37","8.5","Isao Takahata","","","Akiyuki Nosaka","Isao Takahata","","Tsutomu Tatsumi","Ayano Shiraishi","Yoshiko Shinohara","","","","","","","","",""
"1762885223-215","https://www.imdb.com/chart/top/?ref_=hm_nv_menu","The Lion King","https://www.imdb.com/title/tt0110357/?ref_=chttp_t_36","8.5","Roger Allers","Rob Minkoff","","Irene Mecchi","Jonathan Roberts","Linda Woolverton","Rowan Atkinson","Matthew Broderick","Niketa Calame-Harris","","","","","","","","",""
"1762885225-216","https://www.imdb.com/chart/top/?ref_=hm_nv_menu","Psycho","https://www.imdb.com/title/tt0054215/?ref_=chttp_t_35","8.5","Alfred Hitchcock","","","Joseph Stefano","Robert Bloch","","Anthony Perkins","Vera Miles","John Gavin","","","","","","","","",""
"1762885228-217","https://www.imdb.com/chart/top/?ref_=hm_nv_menu","Parasite","https://www.imdb.com/title/tt6751668/?ref_=chttp_t_34","8.5","Bong Joon Ho","","","Bong Joon Ho","Han Jin-won","","Song Kang-ho","Lee Sun-kyun","Cho Yeo-jeong","","","","","","","","",""
"1762885231-218","https://www.imdb.com/chart/top/?ref_=hm_nv_menu","Gladiator","https://www.imdb.com/title/tt0172495/?ref_=chttp_t_33","8.5","Ridley Scott","","","David Franzoni","John Logan","William Nicholson","Russell Crowe","Joaquin Phoenix","Connie Nielsen","","","","","","","","",""
"1762885234-219","https://www.imdb.com/chart/top/?ref_=hm_nv_menu","The Pianist","https://www.imdb.com/title/tt0253474/?ref_=chttp_t_32","8.5","Roman Polanski","","","Ronald Harwood","Wladyslaw Szpilman","","Adrien Brody","Emilia Fox","Michal Zebrowski","","","","","","","","",""
"1762885237-220","https://www.imdb.com/chart/top/?ref_=hm_nv_menu","Spirited Away","https://www.imdb.com/title/tt0245429/?ref_=chttp_t_31","8.6","Hayao Miyazaki","","","Hayao Miyazaki","","","Rumi Hiiragi","Miyu Irino","Mari Natsuki","","","","","","","","",""
"1762885240-221","https://www.imdb.com/chart/top/?ref_=hm_nv_menu","Back to the Future","https://www.imdb.com/title/tt0088763/?ref_=chttp_t_30","8.5","Robert Zemeckis","","","Robert Zemeckis","Bob Gale","","Michael J. Fox","Christopher Lloyd","Lea Thompson","","","","","","","","",""
"1762885243-222","https://www.imdb.com/chart/top/?ref_=hm_nv_menu","Star Wars: Episode IV - A New Hope","https://www.imdb.com/title/tt0076759/?ref_=chttp_t_29","8.6","George Lucas","","","George Lucas","","","Mark Hamill","Harrison Ford","Carrie Fisher","","","","","","","","",""
"1762885246-223","https://www.imdb.com/chart/top/?ref_=hm_nv_menu","Terminator 2: Judgment Day","https://www.imdb.com/title/tt0103064/?ref_=chttp_t_28","8.6","James Cameron","","","James Cameron","William Wisher","","Arnold Schwarzenegger","Linda Hamilton","Edward Furlong","","","","","","","","",""
"1762885248-224","https://www.imdb.com/chart/top/?ref_=hm_nv_menu","Life Is Beautiful","https://www.imdb.com/title/tt0118799/?ref_=chttp_t_27","8.6","Roberto Benigni","","","Vincenzo Cerami","Roberto Benigni","","Roberto Benigni","Nicoletta Braschi","Giorgio Cantarini","","","","","","","","",""
"1762885251-225","https://www.imdb.com/chart/top/?ref_=hm_nv_menu","City of God","https://www.imdb.com/title/tt0317248/?ref_=chttp_t_26","8.6","Kátia Lund","Fernando Meirelles","","Bráulio Mantovani","Paulo Lins","","Alexandre Rodrigues","Leandro Firmino","Phellipe Haagensen","","","","","","","","",""
"1762885254-226","https://www.imdb.com/chart/top/?ref_=hm_nv_menu","The Green Mile","https://www.imdb.com/title/tt0120689/?ref_=chttp_t_25","8.6","Frank Darabont","","","Stephen King","Frank Darabont","","Tom Hanks","David Morse","Bonnie Hunt","","","","","","","","",""
"1762885257-227","https://www.imdb.com/chart/top/?ref_=hm_nv_menu","Saving Private Ryan","https://www.imdb.com/title/tt0120815/?ref_=chttp_t_24","8.6","Steven Spielberg","","","Robert Rodat","","","Tom Hanks","Tom Sizemore","Edward Burns","","","","","","","","",""
"1762885260-228","https://www.imdb.com/chart/top/?ref_=hm_nv_menu","Seven Samurai","https://www.imdb.com/title/tt0047478/?ref_=chttp_t_23","8.6","Akira Kurosawa","","","Akira Kurosawa","Shinobu Hashimoto","Hideo Oguni","Toshirô Mifune","Takashi Shimura","Keiko Tsushima","","","","","","","","",""
"1762885262-229","https://www.imdb.com/chart/top/?ref_=hm_nv_menu","The Silence of the Lambs","https://www.imdb.com/title/tt0102926/?ref_=chttp_t_22","8.6","Jonathan Demme","","","Thomas Harris","Ted Tally","","Jodie Foster","Anthony Hopkins","Scott Glenn","","","","","","","","",""
"1762885265-230","https://www.imdb.com/chart/top/?ref_=hm_nv_menu","It's a Wonderful Life","https://www.imdb.com/title/tt0038650/?ref_=chttp_t_21","8.6","Frank Capra","","","Frances Goodrich","Albert Hackett","Frank Capra","James Stewart","Donna Reed","Lionel Barrymore","","","","","","","","",""
"1762885268-231","https://www.imdb.com/chart/top/?ref_=hm_nv_menu","Se7en","https://www.imdb.com/title/tt0114369/?ref_=chttp_t_20","8.6","David Fincher","","","Andrew Kevin Walker","","","Morgan Freeman","Andrew Kevin Walker","Daniel Zacapa","","","","","","","","",""
"1762885271-232","https://www.imdb.com/chart/top/?ref_=hm_nv_menu","One Flew Over the Cuckoo's Nest","https://www.imdb.com/title/tt0073486/?ref_=chttp_t_19","8.6","Milos Forman","","","Lawrence Hauben","Bo Goldman","Ken Kesey","Michael Berryman","Peter Brocco","Dean R. Brooks","","","","","","","","",""
"1762885273-233","https://www.imdb.com/chart/top/?ref_=hm_nv_menu","Interstellar","https://www.imdb.com/title/tt0816692/?ref_=chttp_t_18","8.7","Christopher Nolan","","","Jonathan Nolan","Christopher Nolan","","Ellen Burstyn","Matthew McConaughey","Mackenzie Foy","","","","","","","","",""
"1762885276-234","https://www.imdb.com/chart/top/?ref_=hm_nv_menu","Goodfellas","https://www.imdb.com/title/tt0099685/?ref_=chttp_t_17","8.7","Martin Scorsese","","","Nicholas Pileggi","Martin Scorsese","","Robert De Niro","Ray Liotta","Joe Pesci","","","","","","","","",""
"1762885279-235","https://www.imdb.com/chart/top/?ref_=hm_nv_menu","The Matrix","https://www.imdb.com/title/tt0133093/?ref_=chttp_t_16","8.7","Lana Wachowski","Lilly Wachowski","","Lilly Wachowski","Lana Wachowski","","Keanu Reeves","Laurence Fishburne","Carrie-Anne Moss","","","","","","","","",""
"1762885282-236","https://www.imdb.com/chart/top/?ref_=hm_nv_menu","Star Wars: Episode V - The Empire Strikes Back","https://www.imdb.com/title/tt0080684/?ref_=chttp_t_15","8.7","Irvin Kershner","","","Leigh Brackett","Lawrence Kasdan","George Lucas","Mark Hamill","Harrison Ford","Carrie Fisher","","","","","","","","",""
"1762885284-237","https://www.imdb.com/chart/top/?ref_=hm_nv_menu","Inception","https://www.imdb.com/title/tt1375666/?ref_=chttp_t_14","8.8","Christopher Nolan","","","Christopher Nolan","","","Leonardo DiCaprio","Joseph Gordon-Levitt","Elliot Page","","","","","","","","",""
"1762885287-238","https://www.imdb.com/chart/top/?ref_=hm_nv_menu","Fight Club","https://www.imdb.com/title/tt0137523/?ref_=chttp_t_13","8.8","David Fincher","","","Chuck Palahniuk","Jim Uhls","","Edward Norton","Brad Pitt","Meat Loaf","","","","","","","","",""
"1762885290-239","https://www.imdb.com/chart/top/?ref_=hm_nv_menu","Forrest Gump","https://www.imdb.com/title/tt0109830/?ref_=chttp_t_12","8.8","Robert Zemeckis","","","Winston Groom","Eric Roth","","Tom Hanks","Rebecca Williams","Sally Field","","","","","","","","",""
"1762885293-240","https://www.imdb.com/chart/top/?ref_=hm_nv_menu","The Lord of the Rings: The Two Towers","https://www.imdb.com/title/tt0167261/?ref_=chttp_t_11","8.8","Peter Jackson","","","J.R.R. Tolkien","Fran Walsh","Philippa Boyens","Bruce Allpress","Sean Astin","John Bach","","","","","","","","",""
"1762885295-241","https://www.imdb.com/chart/top/?ref_=hm_nv_menu","The Good, the Bad and the Ugly","https://www.imdb.com/title/tt0060196/?ref_=chttp_t_10","8.8","Sergio Leone","","","Luciano Vincenzoni","Sergio Leone","Agenore Incrocci","Eli Wallach","Clint Eastwood","Lee Van Cleef","","","","","","","","",""
"1762885298-242","https://www.imdb.com/chart/top/?ref_=hm_nv_menu","Pulp Fiction","https://www.imdb.com/title/tt0110912/?ref_=chttp_t_9","8.8","Quentin Tarantino","","","Quentin Tarantino","Roger Avary","","Tim Roth","Amanda Plummer","Laura Lovelace","","","","","","","","",""
"1762885301-243","https://www.imdb.com/chart/top/?ref_=hm_nv_menu","The Lord of the Rings: The Fellowship of the Ring","https://www.imdb.com/title/tt0120737/?ref_=chttp_t_8","8.9","Peter Jackson","","","J.R.R. Tolkien","Fran Walsh","Philippa Boyens","Alan Howard","Noel Appleby","Sean Astin","","","","","","","","",""
"1762885303-244","https://www.imdb.com/chart/top/?ref_=hm_nv_menu","Schindler's List","https://www.imdb.com/title/tt0108052/?ref_=chttp_t_7","9.0","Steven Spielberg","","","Thomas Keneally","Steven Zaillian","","Liam Neeson","Ben Kingsley","Ralph Fiennes","","","","","","","","",""
"1762885308-245","https://www.imdb.com/chart/top/?ref_=hm_nv_menu","The Lord of the Rings: The Return of the King","https://www.imdb.com/title/tt0167260/?ref_=chttp_t_6","9.0","Peter Jackson","","","J.R.R. Tolkien","Fran Walsh","Philippa Boyens","Noel Appleby","Ali Astin","Sean Astin","","","","","","","","",""
"1762885310-246","https://www.imdb.com/chart/top/?ref_=hm_nv_menu","12 Angry Men","https://www.imdb.com/title/tt0050083/?ref_=chttp_t_5","9.0","Sidney Lumet","","","Reginald Rose","","","Martin Balsam","John Fiedler","Lee J. Cobb","","","","","","","","",""
"1762885313-247","https://www.imdb.com/chart/top/?ref_=hm_nv_menu","The Godfather Part II","https://www.imdb.com/title/tt0071562/?ref_=chttp_t_4","9.0","Francis Ford Coppola","","","Francis Ford Coppola","Mario Puzo","","Al Pacino","Robert Duvall","Diane Keaton","","","","","","","","",""
"1762885316-248","https://www.imdb.com/chart/top/?ref_=hm_nv_menu","The Dark Knight","https://www.imdb.com/title/tt0468569/?ref_=chttp_t_3","9.1","Christopher Nolan","","","Jonathan Nolan","Christopher Nolan","David S. Goyer","Christian Bale","Heath Ledger","Aaron Eckhart","","","","","","","","",""
"1762885319-249","https://www.imdb.com/chart/top/?ref_=hm_nv_menu","The Godfather","https://www.imdb.com/title/tt0068646/?ref_=chttp_t_2","9.2","Francis Ford Coppola","","","Mario Puzo","Francis Ford Coppola","","Marlon Brando","Al Pacino","James Caan","","","","","","","","",""
"1762885321-250","https://www.imdb.com/chart/top/?ref_=hm_nv_menu","The Shawshank Redemption","https://www.imdb.com/title/tt0111161/?ref_=chttp_t_1","9.3","Frank Darabont","","","Stephen King","Frank Darabont","","Tim Robbins","Morgan Freeman","Bob Gunton","","","","","","","","",""
